JASPAR_id,motif_alt_id,sequence_name,start,stop,strand,score,p_value,q-value,matched_sequence,centre
MA1268.1,AT1G69570,MYB76_DHS,20,46,-,19.5312,5.08E-08,2.08E-05,TATCCACTTTTTTTTTTTTTTGTCATT,33
MA1274.1,OBP3,MYB76_DHS,24,44,-,18.0462,1.35E-07,5.68E-05,TCCACTTTTTTTTTTTTTTGT,34
MA1279.1,COG1,MYB76_DHS,26,46,+,17.2344,1.58E-07,6.88E-05,AAAAAAAAAAAAAAGTGGATA,36
MA1277.1,Adof1,MYB76_DHS,29,49,+,16.375,2.66E-07,0.000115,AAAAAAAAAAAGTGGATAGAG,39
MA1270.1,AT3G45610,MYB76_DHS,26,44,-,16.0625,4.82E-07,0.000217,TCCACTTTTTTTTTTTTTT,35
MA1267.1,AT5G66940,MYB76_DHS,28,56,-,15.9062,1.56E-06,0.000639,CTCTAGTCTCTATCCACTTTTTTTTTTTT,42
MA1292.1,MYB27,MYB76_DHS,136,150,-,16.5938,1.97E-06,0.000951,AGGAAATTAGGTATA,143
MA1234.1,ERF017,MYB76_DHS,110,123,-,15.4062,3.56E-06,0.00169,TTGGACGGTGCACG,116.5
MA1165.1,HHO6,MYB76_DHS,118,128,+,14.1719,6.58E-06,0.00324,GTCCAAGATTC,123
MA1160.1,AT1G14580,MYB76_DHS,15,34,-,13.6667,7.24E-06,0.00308,TTTTTTTTTGTCATTAAATT,24.5
MA1263.1,AT1G36060,MYB76_DHS,110,123,-,14.2031,9.20E-06,0.00433,TTGGACGGTGCACG,116.5
MA1156.1,JKD,MYB76_DHS,15,34,-,13.1094,1.30E-05,0.00582,TTTTTTTTTGTCATTAAATT,24.5
MA1293.1,MYB57,MYB76_DHS,136,149,+,13.7656,1.31E-05,0.0063,TATACCTAATTTCC,142.5
UN0355.1,AT3G49930,MYB76_DHS,136,146,+,13.0504,1.51E-05,0.00734,TATACCTAATT,141
MA1180.1,MYB3R4,MYB76_DHS,231,245,-,13.7656,1.57E-05,0.00732,TTTTACGACCGTTGT,238
MA1158.1,MGP,MYB76_DHS,15,34,+,12.0156,1.89E-05,0.00812,AATTTAATGACAAAAAAAAA,24.5
MA1172.1,MYB3R5,MYB76_DHS,232,246,-,13.3906,1.89E-05,0.00881,TTTTTACGACCGTTG,239
MA1374.1,IDD7,MYB76_DHS,15,32,+,11.8438,2.08E-05,0.00915,AATTTAATGACAAAAAAA,23.5
MA1281.1,AT5G02460,MYB76_DHS,34,54,+,12.7656,2.13E-05,0.00931,AAAAAAGTGGATAGAGACTAG,44
UN0364.1,ERF011,MYB76_DHS,111,124,+,12.7789,2.15E-05,0.01,GTGCACCGTCCAAG,117.5
MA1386.1,HHO3,MYB76_DHS,119,129,-,12.8125,2.16E-05,0.0106,AGAATCTTGGA,124
MA1371.1,IDD4,MYB76_DHS,15,31,+,11.4688,2.19E-05,0.00976,AATTTAATGACAAAAAA,23
MA1413.1,UIF1,MYB76_DHS,121,130,+,11.4375,2.30E-05,0.0114,CAAGATTCTG,125.5
MA1178.1,MYB3R1,MYB76_DHS,231,245,-,13.0938,2.35E-05,0.0108,TTTTACGACCGTTGT,238
MA1048.1,ERF018,MYB76_DHS,115,122,+,13.5862,2.47E-05,0.0119,ACCGTCCA,118.5
MA0974.2,CDF3,MYB76_DHS,33,44,+,13.2667,2.57E-05,0.0122,AAAAAAAGTGGA,38.5
MA0556.1,AP3,MYB76_DHS,180,194,-,12.3768,2.70E-05,0.0129,AACTAAAAATGGCAG,187
MA1387.1,AT1G13300,MYB76_DHS,115,129,+,12.4844,2.79E-05,0.0135,ACCGTCCAAGATTCT,122
MA1248.1,DREB26,MYB76_DHS,101,120,+,11.0312,2.84E-05,0.013,GCCGAAAAACGTGCACCGTC,110.5
MA1294.1,MYB62,MYB76_DHS,137,151,-,12.7031,2.86E-05,0.0138,AAGGAAATTAGGTAT,144
MA1157.1,NUC,MYB76_DHS,15,34,-,11.3594,3.10E-05,0.0134,TTTTTTTTTGTCATTAAATT,24.5
MA1376.1,DEAR3,MYB76_DHS,108,124,-,10,3.31E-05,0.0151,CTTGGACGGTGCACGTT,116
MA0977.1,DOF2.5,MYB76_DHS,35,42,+,11.908,3.38E-05,0.0163,AAAAAGTG,38.5
MA0940.1,AP1,MYB76_DHS,180,192,-,11.8561,3.41E-05,0.011,CTAAAAATGGCAG,186
MA1251.1,DEAR5,MYB76_DHS,105,123,+,9.9375,3.66E-05,0.0168,AAAAACGTGCACCGTCCAA,114
MA0554.1,SOC1,MYB76_DHS,178,192,+,11.6557,3.91E-05,0.0185,ATCTGCCATTTTTAG,185
MA1403.1,BPC5,MYB76_DHS,77,106,+,-43.9375,4.05E-05,0.016,ATATATGGGCAGATAGACAAAGAAGCCGAA,91.5
MA1271.1,DAG2,MYB76_DHS,34,44,+,12.1719,4.05E-05,0.019,AAAAAAGTGGA,39
MA1278.1,OBP1,MYB76_DHS,35,55,-,11.8906,4.08E-05,0.0174,TCTAGTCTCTATCCACTTTTT,45
MA1205.1,AGL6,MYB76_DHS,177,195,-,10.3906,4.11E-05,0.0185,AAACTAAAAATGGCAGATA,186
MA1203.1,AGL63,MYB76_DHS,180,194,-,10.9531,4.14E-05,0.0194,AACTAAAAATGGCAG,187
MA0973.1,CDF2,MYB76_DHS,34,43,+,10.783,4.17E-05,0.0198,AAAAAAGTGG,38.5
MA1260.1,AT1G77640,MYB76_DHS,112,132,-,9.60938,4.22E-05,0.0189,GCCAGAATCTTGGACGGTGCA,122
MA0001.1,AGL3,MYB76_DHS,183,192,+,11.375,4.46E-05,0.0218,CCATTTTTAG,187.5
MA0949.1,ARR2,MYB76_DHS,121,130,-,11.9833,4.47E-05,0.0211,CAGAATCTTG,125.5
MA1204.1,AGL13,MYB76_DHS,178,195,-,9.55072,4.52E-05,0.0209,AAACTAAAAATGGCAGAT,186.5
MA0940.1,AP1,MYB76_DHS,24,36,+,11.3957,4.79E-05,0.011,ACAAAAAAAAAAA,30
MA0974.1,CDF3,MYB76_DHS,35,43,+,10.5333,5.06E-05,0.0242,AAAAAGTGG,39
MA1216.1,RAP21,MYB76_DHS,110,122,-,10.4062,5.40E-05,0.0249,TGGACGGTGCACG,116
MA1424.1,ERF019,MYB76_DHS,111,125,+,9.83333,5.78E-05,0.0265,GTGCACCGTCCAAGA,118
MA1232.1,AT4G28140,MYB76_DHS,101,120,-,10.1562,5.94E-05,0.027,GACGGTGCACGTTTTTCGGC,110.5
MA1272.1,AT2G28810,MYB76_DHS,34,54,-,11.3906,6.07E-05,0.0263,CTAGTCTCTATCCACTTTTTT,44
MA1370.1,IDD5,MYB76_DHS,15,30,-,9.10811,6.12E-05,0.0273,TTTTTGTCATTAAATT,22.5
MA1265.1,ERF015,MYB76_DHS,113,132,+,9.42188,6.19E-05,0.0283,GCACCGTCCAAGATTCTGGC,122.5
MA1373.1,IDD2,MYB76_DHS,96,110,+,8.2,6.46E-05,0.0283,AAGAAGCCGAAAAAC,103
MA1042.1,MYB59,MYB76_DHS,138,145,-,11.7563,6.48E-05,0.0316,ATTAGGTA,141.5
MA0558.1,FLC,MYB76_DHS,177,197,-,10.6522,6.80E-05,0.0298,TAAAACTAAAAATGGCAGATA,187
MA0559.1,PI,MYB76_DHS,179,192,-,10.7812,6.89E-05,0.03,CTAAAAATGGCAGA,185.5
MA1219.1,CEJ1,MYB76_DHS,107,121,+,9.51562,7.06E-05,0.0334,AAACGTGCACCGTCC,114
MA1394.2,MYB73,MYB76_DHS,231,242,+,11.1,7.09E-05,0.0325,ACAACGGTCGTA,236.5
MA0555.1,SVP,MYB76_DHS,177,196,-,9.9,7.37E-05,0.0333,AAAACTAAAAATGGCAGATA,186.5
MA0979.1,ERF008,MYB76_DHS,114,121,+,10.7563,7.47E-05,0.0359,CACCGTCC,117.5
MA0563.1,Sep-03,MYB76_DHS,182,192,+,11.04,7.54E-05,0.0357,GCCATTTTTAG,187
MA1276.1,AT3G52440,MYB76_DHS,34,44,+,11.4219,7.75E-05,0.0366,AAAAAAGTGGA,39
MA1403.1,BPC5,MYB76_DHS,49,78,+,-48.325,8.22E-05,0.0162,GACTAGAGGGACAGCAAGGCTGTGTGACAT,63.5
MA0980.1,RAP2-10,MYB76_DHS,113,120,+,10.0943,8.42E-05,0.0403,GCACCGTC,116.5
MA1159.1,SGR5,MYB76_DHS,16,30,+,9.71875,8.55E-05,0.0383,ATTTAATGACAAAAA,23
MA1275.1,AT1G47655,MYB76_DHS,33,43,+,11.0625,8.94E-05,0.0427,AAAAAAAGTGG,38
MA0958.1,BHLH13,MYB76_DHS,107,114,+,9.75862,9.10E-05,0.0453,AAACGTGC,110.5
MA1397.1,At1g74840,MYB76_DHS,39,49,+,11.0312,9.20E-05,0.044,AGTGGATAGAG,44
MA1400.1,At1g19000,MYB76_DHS,38,51,+,10.4062,9.31E-05,0.0441,AAGTGGATAGAGAC,44.5
# FIMO (Find Individual Motif Occurrences): Version 5.0.2 compiled on Nov 18 2018 at 13:51:15,,,,,,,,,,
# The format of this file is described at http://meme-suite.org/doc/fimo-output-format.html.,,,,,,,,,,
# fimo -o MYB76_DHS_fimo -bfile MYB76_DHS.bg JASPAR.meme MYB76_DHS.fa,,,,,,,,,,